RSID,CHR,POS,nearestGene
rs12037376,1,22462111,WNT4
rs625036,1,42270779,HIVEP3
rs72898946,1,50959262,FAF1
rs34555419,2,74235926,TET3
rs9823520,3,14293832,LSM3
rs28654158,3,123112292,ADCY5
rs2659685,3,128122396,EEFSEC
rs62270785,3,139004333,MRPS22
rs7650602,3,141147414,ZBTB38
rs4359773,3,155862524,KCNAB1
rs6780427,3,156697097,LEKR
rs113828443,4,55895282,KDR
rs6831441,4,174733296,HAND2
rs2963463,5,157895049,EBF1
rs6879092,5,158058432,EBF1
rs3129768,6,32595083,HLA-DQA1
rs6472846,8,75315146,GDAP1
rs143530128,8,124603784,FBXO32
rs7023208,9,116935764,COL27A1
rs2387280,16,4339684,TFAP4
rs17713682,17,12416363,MYOCD
rs6090040,20,62692060,TCEA2
rs5991030,X,115129904,AGTR2
rs5930554,X,131312089,RAP2C
